Date,SPY_3M_Return,SPY_6M_Return,SPY_12M_Return,QQQ_3M_Return,IEF_3M_Return,TLT_3M_Return,GLD_3M_Return,DBC_3M_Return,Equity_Bond_3M_Spread,Commodity_Equity_3M_Spread,SPY_3M_Volatility,QQQ_3M_Volatility,Basket_3M_Volatility,SPY_TLT_3M_Correlation,SPY_Drawdown,Regime
2007-02-28,0.00843345185451172,0.08954709539582484,0.11936482938177062,-0.014922866210852481,0.0034980167180507227,-0.003992219682449782,0.03245851820307921,0.0018364513093558354,0.004935435136460997,-0.006597000545155884,0.11123295747305449,0.15329720411283376,0.10167635409800647,-0.2536463430923596,-0.0196170122829723,0
2007-03-31,0.006660099593758462,0.07319583082554937,0.11395217448452288,0.009208223035415797,0.015060609873111197,0.006196953098200009,0.0400252937184169,0.03254672964387906,-0.008400510279352735,0.025886630050120596,0.12731428968203043,0.15961557383486827,0.1196053244609716,-0.3052983731692617,-0.008255632747054875,0
2007-04-30,0.03567408365291991,0.08649109066206107,0.14878448168971947,0.04354329880353447,0.025320184366780074,0.025507916121817686,0.03486031841747317,0.06586079911239962,0.010353899286139834,0.030186715459479707,0.12829013302798306,0.14940972362667557,0.11508691566310736,-0.3728441252649729,0.0,0
2007-05-31,0.09223103770289987,0.1014423155733708,0.22463841762552694,0.0948505348915678,-0.009325229620684272,-0.031056901114451918,-0.014139626864327015,0.011899961145455329,0.10155626732358414,-0.08033107655744454,0.10238959685495651,0.12844676252329904,0.09773636011997716,-0.3161793800524721,0.0,0
2007-06-30,0.06393246793275909,0.07101836413022444,0.20359432848593784,0.09435355830409331,-0.01259410466699118,-0.024287622385681162,-0.022360834628400106,0.012608424418388386,0.07652657259975026,-0.0513240435143707,0.10648013157591515,0.11807613827001721,0.09269848491465214,0.2265626148391643,-0.014620495596374683,0
2007-07-31,-0.013095000911904076,0.0221119305830495,0.16071135869476239,0.034968732318452656,0.003603713657464036,-0.0009443257311868569,-0.019376889153727372,0.024247157749799797,-0.01669871456936811,0.03734215866170387,0.13806790890950196,0.1357512557514917,0.10664391956694218,-0.0861406361059328,-0.045473087821909175,0
2007-08-31,-0.03322406952364643,0.055942677770374205,0.15049927746920044,0.0316011144322621,0.04081895465897811,0.04100170370567535,0.01495263524335555,0.007056102495762273,-0.07404302418262454,0.0402801720194087,0.1858088504879648,0.18011985209162362,0.1360482888315671,-0.14748583715898597,-0.03322406952364643,2
2007-09-30,0.019104072571324293,0.08425791101113478,0.16362106963676926,0.08060353243986862,0.04663368334911122,0.05406093877822782,0.14376856971815166,0.093774320808373,-0.027529610777786928,0.07467024823704871,0.18530281245214064,0.185447691108002,0.1344895124766453,-0.41571891591965904,0.0,2
2007-10-31,0.06631689895829984,0.05235347819406222,0.14337267828507994,0.15839660730739547,0.03455726672598902,0.038728548102573646,0.19501446500248698,0.16456663485235046,0.03175963223231082,0.09824973589405062,0.17615952962079667,0.19709075738898288,0.1370761324189953,-0.3962762844620914,0.0,0
2007-11-30,0.012028169555105661,-0.02159552471008186,0.07765609083067626,0.05047404127294408,0.05261007909760096,0.075093843572279,0.16235723987943906,0.17983651973407455,-0.0405819095424953,0.1678083501789689,0.19156652966196513,0.23155883966995836,0.15142890258760688,-0.563065774407785,-0.038733160044342796,2
2007-12-31,-0.036662652179697,-0.018258985576270814,0.05146265526764959,-0.0026572654140847307,0.05221264685671656,0.06591271363133533,0.12175209751260563,0.1505532346192322,-0.08887529903641356,0.1872158867989292,0.19835494794183295,0.2415100095934307,0.15983961145108067,-0.6497445212363526,-0.0495571883957604,2
2008-01-31,-0.10702225654796549,-0.047802741763446344,-0.02674782208794957,-0.17904688381023548,0.07593598322690154,0.06884094230030291,0.1625540362862996,0.09130660618592001,-0.18295823977486703,0.1983288627338855,0.2235557997900793,0.2689288018517413,0.16853919877584747,-0.571260812061401,-0.10702225654796549,2
2008-02-29,-0.09504736345544074,-0.08416243970374293,-0.032928034178083765,-0.1620587801145955,0.0468967700445766,0.009930830542626667,0.24392137460929209,0.22053961899147922,-0.14194413350001733,0.31558698244691996,0.19278829578561452,0.2324138956935448,0.14286604746815149,-0.49219648088799756,-0.1300990387592711,2
2008-03-31,-0.09292555770785149,-0.12618131248670117,-0.05255517527433917,-0.1457598420620153,0.060360844102740785,0.03804729482606617,0.09641043737452226,0.1333967137084302,-0.15328640181059228,0.2263222714162817,0.22497653895062208,0.27197508001049636,0.16032271090770833,-0.4666457855386814,-0.13787761673350274,2
2008-04-30,0.011461689156039512,-0.0967872232292567,-0.04950089281599124,0.046906609445606984,0.0011315828268072536,-0.008541116445083041,-0.0519693645590924,0.167795546821786,0.010330106329232258,0.15633385766574648,0.2150637663911423,0.2641450302616661,0.1516920743938764,-0.5229636864279816,-0.0967872232292567,3
2008-05-31,0.053989333963857966,-0.04618957333956275,-0.06678760997724198,0.16528732787469758,-0.028701197874310025,-0.030780807088925166,-0.09076734590594304,0.12326856811165277,0.08269053183816799,0.0692792341477948,0.20459595674391065,0.2562397939885493,0.1392130992586768,-0.5497363024267142,-0.08313366524736432,3
2008-06-30,-0.025383660430605692,-0.11595042733627647,-0.13209227573225168,0.03388595557440843,-0.030535068893055795,-0.02589550936995577,0.01095009206580122,0.25188706847889475,0.005151408462450102,0.27727072890950044,0.1612011103205083,0.2264361851123938,0.10038878770644738,-0.49892804995541085,-0.15976143855996405,3
2008-07-31,-0.0780816448585796,-0.06751490324470144,-0.11209024752315722,-0.03639642423403466,0.0006387779208196775,-0.004729159283696993,0.039584538312458895,0.06512008142313586,-0.07872042277939928,0.14320172628171546,0.1848721317591823,0.23038802007905115,0.11589335461368537,-0.5030044298679387,-0.16731156249680135,3
2008-08-31,-0.0777759028345345,-0.027985638063150797,-0.10979273819083302,-0.07714091502841214,0.034300764461201894,0.05078144636049964,-0.06563748500948241,-0.06880379672008563,-0.1120766672957364,0.008972106114448875,0.20256041734793215,0.24406490007123532,0.12118010007279403,-0.5122339373215034,-0.1544437722113411,2
2008-09-30,-0.08844060107246865,-0.11157931531717213,-0.22368140335078512,-0.13800690017324047,0.02114746092804154,0.03872612990631796,-0.0692560363826954,-0.24318898643569853,-0.10958806200051019,-0.15474838536322988,0.3229137316930172,0.32773718851989986,0.21458280794441884,-0.706626994927324,-0.23407264197798727,2
2008-10-31,-0.23211828481367458,-0.29207575219225024,-0.3605937743942226,-0.27601939189144375,0.005094029282793233,0.02315790387116623,-0.20803735692979874,-0.37153476578896616,-0.2372123140964678,-0.13941648097529158,0.6125299212283596,0.5561717609062697,0.4127442588996289,-0.4910526092348628,-0.3605937743942226,1
2008-11-30,-0.2964403341725087,-0.3511603223802052,-0.381129950255243,-0.36817807036761707,0.06674047829938012,0.1387000196271262,-0.017133784623245107,-0.41075215906607465,-0.3631808124718888,-0.11431182489356595,0.7121338057910022,0.6332908074823717,0.5108843109645339,-0.5227080746867975,-0.40510074293865694,1
2008-12-31,-0.2156864991075501,-0.2850516565557306,-0.3679502225014566,-0.23456223244628438,0.12332041297610563,0.27533655171284566,0.01704475083394663,-0.36488151024233495,-0.33900691208365574,-0.14919501113478484,0.7114544119296105,0.6361724313414739,0.5378058376245745,-0.4459104328002688,-0.3992728324004503,1
2009-01-31,-0.1376392206767445,-0.33780892566384235,-0.3825166919771529,-0.1151659792777725,0.08905247673850325,0.12965921213117637,0.27992714109653694,-0.1898644022974033,-0.22669169741524775,-0.05222518162065881,0.5198849055367389,0.4840475324000806,0.4387218009616052,-0.4922881100164099,-0.4486011489824604,1
2009-02-28,-0.17271405739486956,-0.4179549786769533,-0.434243879980159,-0.05322898208233817,0.0032590806213415036,-0.02716473937814723,0.15340555434378644,-0.1275791357940772,-0.17597313801621106,0.045134921600792355,0.402191851461224,0.39711376915008945,0.3410190456465506,-0.3757298399470823,-0.507848207366915,1
2009-03-31,-0.11248729932469381,-0.3039118066468377,-0.3815808506615509,0.02118834526835678,-0.014321389777263827,-0.10938131579257082,0.043458186339767835,-0.05615858822216724,-0.09816590954742999,0.056328711102526574,0.40741881855761286,0.38619630386644527,0.3228084518676946,-0.3431858253764111,-0.46684700911469634,1
2009-04-30,0.06296927170458377,-0.08333699045616172,-0.3510720284754901,0.18157953450431807,-0.0026084026273902605,-0.04669138604238765,-0.04424489128843623,-0.013333416519336505,0.06557767433197403,-0.07630268822392028,0.3836500905561103,0.3531487063119377,0.303878903914299,-0.37854046776567485,-0.41387996491514156,3
2009-05-31,0.2605474563647139,0.04283319063718172,-0.323368448775749,0.28726801427369586,-0.016096900613456477,-0.06763216942324757,0.03854042751461395,0.2155937487493449,0.27664435697817036,-0.04495370761536899,0.3588966762938514,0.32655347413610386,0.3011821955926614,-0.25635056428505065,-0.37961930965103075,3
2009-06-30,0.1628453428397414,0.032040010691401166,-0.2621447039879766,0.20134293448381646,-0.052959949694903696,-0.09716995451430521,0.009969002415242567,0.13100020248041333,0.2158052925346451,-0.03184514035932806,0.25631739119325114,0.23757308440111352,0.22775960567215783,-0.24503291451374698,-0.3800255275279456,3
2009-07-31,0.13667470131425286,0.2082502794210368,-0.19990744940322092,0.15223223440160383,-0.018131139767705307,-0.024127401323930764,0.06966886747941392,0.15315310534213933,0.15480584108195816,0.016478404027886473,0.22498959413727315,0.21682505922780906,0.19678560303977866,-0.215087791825881,-0.33377218418561916,3
2009-08-31,0.11357093737615398,0.40370901259118086,-0.18297815783501326,0.13282266770151407,0.010353230906657629,0.03592071825885612,-0.029105982444778578,-0.04821341390753853,0.10321770646949635,-0.1617843512836925,0.1839790140036501,0.18885393390393812,0.15753846043827277,-0.4174322341509966,-0.3091620931180328,0
2009-09-30,0.15381069841268769,0.34170339716786335,-0.06605610624962155,0.1624769158544812,0.027438620248345424,0.05347142672569394,0.08411930404994661,-0.02475699352677574,0.12637207816434226,-0.17856769193946342,0.171995265546223,0.1788024962533385,0.149462395830267,-0.41885777172497074,-0.2846668209189812,0
2009-10-31,0.05306443282214679,0.19699169964277696,0.09723801379354202,0.03928071936562039,0.01755843614637187,0.020036671695977004,0.09833958709405555,0.023871723232891107,0.03550599667577492,-0.029192709589255683,0.1751308200205128,0.17628687293599118,0.15290085314807783,-0.39736066001928433,-0.2984191830090913,0
2009-11-30,0.0781153966248731,0.20055797281922416,0.2519817013399783,0.08923616410820423,0.030218499311184255,0.009878912709428977,0.23811560492969974,0.11533236826270654,0.047896897313688847,0.03721697163783344,0.17436743238030594,0.17328110369276856,0.158604405615863,-0.27665323841462486,-0.2551970160184507,0
2009-12-31,0.06108530183228855,0.22429157318255033,0.26351788827671174,0.08464721980131706,-0.026090810048892243,-0.07689444423674063,0.08558421057221866,0.11604723835455277,0.0871761118811808,0.05496193652226422,0.15467887589629323,0.15492368090102362,0.14276824686755024,-0.32317878179574144,-0.2409704777641668,0
2010-01-31,0.04256629835323378,0.0978894876548333,0.32652528023237126,0.04642061577603718,-0.0016280614614176958,-0.026578435687594104,0.03345362670450336,-0.03815180349059255,0.044194359814651474,-0.08071810184382633,0.15877741742130055,0.17758596063716794,0.140658608393068,-0.38338481118280304,-0.2685554846341508,0
2010-02-28,0.01269936685932782,0.09180677956330219,0.5325790164811599,0.02926260912217038,-0.018120863045585134,-0.04153617493750206,-0.053701133839927584,-0.041768014291604705,0.030820229904912955,-0.054467381150932526,0.149644376778958,0.16704764194419472,0.13428502328127204,-0.47958562544785,-0.2457384896869469,0
2010-03-31,0.05421588657106735,0.11861298219865457,0.5008468383320095,0.05380079874077204,0.016245466321687774,0.0023498100763457153,0.015282820118907914,-0.044679206706494834,0.03797042024937958,-0.09889509327756218,0.14267962627883207,0.1592185143339556,0.12662114424225046,-0.381099834392141,-0.1998190192825373,0
2010-04-30,0.11089714592076927,0.15818392527378866,0.3863365452124152,0.1519645388998927,0.009121671244949558,0.008495955747054973,0.08871273694882831,0.07712654734232682,0.10177547467581971,-0.033770598578442446,0.13552914709429892,0.13296412417458234,0.11931859718138318,-0.514743871884661,-0.18744037548067782,0
2010-05-31,-0.008304349608161177,0.004289557268964517,0.20570783499834389,0.01985431388492631,0.035286589889201414,0.06365534212315582,0.0863565468508476,-0.0706728611428058,-0.04359093949736259,-0.06236851153464462,0.20559109838981185,0.22372624038033834,0.15917954150239133,-0.7248926097909727,-0.2520021409645662,2
2010-06-30,-0.1135804037591368,-0.06552237947497075,0.14407307613647435,-0.10973608684573843,0.07823911519600224,0.14896336994061876,0.11684262242780141,-0.0829081739095403,-0.19181951895513905,0.0306722298495965,0.24855500466617642,0.2669546963214864,0.18199730885178922,-0.7759089781145485,-0.29070389815280884,2
2010-07-31,-0.06746374545739042,0.035951863639029025,0.1373606608057234,-0.06606249192758085,0.07035759487884441,0.1014995147299862,0.0011268832587565392,-0.0634207256852356,-0.13782134033623483,0.004043019772154821,0.2615232803151274,0.28039424296509435,0.19058782815557063,-0.7491043665182117,-0.2422586911582021,2
2010-08-31,-0.03254038446519125,-0.040574507344369515,0.047507257367278566,-0.043245240231308046,0.07475339244777679,0.13590119101773546,0.026917939532041135,0.010928995993458201,-0.10729377691296804,0.043469380458649454,0.20681326166929312,0.21730779013716842,0.14617665402746563,-0.6727430000503781,-0.27634227887671914,2
2010-09-30,0.1116158525391946,-0.014641924817264229,0.10223433501368628,0.15160163303197316,0.042930507513948335,0.0465916856681472,0.051199895967362075,0.11775614211205943,0.06868534502524626,0.006140289572864832,0.1808448442471551,0.1852676371638006,0.12642121932385667,-0.6591951009073436,-0.2115352090424072,0
2010-10-31,0.08029714150031086,0.007416250127787238,0.16677330695760162,0.14171958649183725,0.03345509236456534,0.009368579252341691,0.14832450922394425,0.10004380027076532,0.04684204913574552,0.01974665877045445,0.1472185397230222,0.16242028894697663,0.1110760231683135,-0.5906275303779405,-0.1814142300615016,0
2010-11-30,0.13117810540025432,0.09436913495192356,0.09906349402968684,0.2013795318368341,-0.009082738541896007,-0.08450224653315275,0.10927257648924127,0.12927932853479174,0.14026084394215033,-0.0018987768654625814,0.13887247829391475,0.1536711802629862,0.1249323459736313,-0.34801509998536695,-0.1814142300615016,0
2010-12-31,0.10760813459516672,0.23123476081735328,0.15056132959630375,0.11204321240634241,-0.043050929451053266,-0.095571483628475,0.08451252637870099,0.14267943403952388,0.15065906404621998,0.03507129944435716,0.1160905771503224,0.13342886820624814,0.11651812478300065,-0.18852497564406007,-0.1266899836934925,0
2011-01-31,0.09171020705875343,0.17937141603228368,0.2217720163612451,0.07533624884469581,-0.043187325034612534,-0.08242829937430918,-0.020735938027821588,0.13304201214467448,0.13489753209336597,0.04133180508592105,0.1150800492314806,0.13428155491274146,0.10692163236265889,-0.2815098051196692,-0.10634155960509273,0
2011-02-28,0.12963353769141284,0.2778167249623593,0.22596994087061595,0.11124091821925775,-0.03652633917689285,-0.051261171336494216,0.016541172082793265,0.18548060229935204,0.1661598768683057,0.0558470646079392,0.10013851127917495,0.12921205533922003,0.07897843513246357,-0.3636210460494216,-0.07529806080052492,0
2011-03-31,0.05897421525512825,0.17292845514311317,0.1557545248868779,0.05602324687663307,-0.0038388624079476186,-0.014529471417733197,0.008217988607386983,0.10744116215923638,0.06281307766307587,0.04846694690410813,0.12940736767657943,0.15979495415555067,0.09032287734716579,-0.5424968474543349,-0.075187210807373,0
2011-04-30,0.06483267754879418,0.16248870288972106,0.17111000988107827,0.056488365403740026,0.014720019376879057,0.04058322312409901,0.1732501797639805,0.1181212844976618,0.050112658171915125,0.05328860694886761,0.1269686593110728,0.15072682058515754,0.0900567781694934,-0.4930721439219245,-0.04840329010021127,0
2011-05-31,0.0175439798637671,0.14945180573010708,0.25792457830578375,0.011638338065456999,0.042315758246992186,0.058730000386032044,0.08702597275054802,0.017833034614334498,-0.024771778383225085,0.0002890547505673968,0.12060964977978612,0.14366327891420083,0.10012096482808104,-0.5693356493825081,-0.059075108599222936,0
2011-06-30,0.0002581702916542028,0.05924761093713493,0.3041824788985361,-0.004388606617209634,0.03866440161892237,0.033832149275931034,0.04390103934544087,-0.05080324504253442,-0.03840623132726817,-0.05106141533418862,0.12487497470163164,0.15040909695525248,0.10263493302339807,-0.5188320839468269,-0.07494845161986163,2
2011-07-31,-0.047341492156605214,0.014421909696521018,0.19638020409295964,-0.016078720846662065,0.05221066457997514,0.05479874945341012,0.03885278177237095,-0.05078366230157727,-0.09955215673658036,-0.0034421701449720565,0.1430255614628166,0.17118073629401948,0.11120073984650022,-0.39591153578710614,-0.0934532982781835,2
2011-08-31,-0.08950385208559664,-0.07353012600054876,0.1838587001702685,-0.054429779514850174,0.07423795266679978,0.11848846928532208,0.18765037386786543,-0.0029751507935772414,-0.1637418047523964,0.0865287012920194,0.2998575975136957,0.31523442816285047,0.194759702965285,-0.6482865124341607,-0.1432915109028141,2
2011-09-30,-0.13817224373295112,-0.13794974540976013,0.011123273372257492,-0.0782238735596994,0.10383621641467711,0.29631093174868006,0.08260272300406668,-0.11084244354754713,-0.24200846014762822,0.027329800185403985,0.32957134804969274,0.3299980094047265,0.2139481469864776,-0.6993226312132967,-0.202764899628186,2
2011-10-31,-0.024594154135941793,-0.070771322337422,0.0802178401839011,0.0009909844602733475,0.056161440872432244,0.19396339292846299,0.057173563937162886,-0.08454438876758863,-0.08075559500837404,-0.05995023463164684,0.36036255159543107,0.3516823410017688,0.2394145004367472,-0.785982239822017,-0.11574904759175952,2
2011-11-30,0.027954944775750556,-0.06405098255211594,0.07582828817678999,0.026054722308471057,0.015069102140616186,0.11036747449867468,-0.042707609080335995,-0.08355437526891574,0.01288584263513437,-0.1115093200446663,0.2957286696781436,0.2818631292728335,0.2106446276929054,-0.8277151405614753,-0.11934227240118567,2
2011-12-31,0.11618137850345667,-0.03804390697730431,0.01894969336071073,0.06770145899622926,0.012593057626774762,0.014625194291870036,-0.03840308844228291,0.04233005094991027,0.1035883208766819,-0.0738513275535464,0.2647317540610039,0.2617732586472122,0.19699217421858656,-0.8111078175346714,-0.11014102667564696,0
2012-01-31,0.0530109630445299,0.027113049112576393,0.04192598075499632,0.0485185448139811,0.03463149310790192,0.051543659391896535,0.011772446897425182,0.003968351503536249,0.01837946993662798,-0.04904261154099365,0.21637358429731787,0.21785974542361794,0.16459159242264848,-0.7539395074577983,-0.0688740530315558,2
2012-02-29,0.1032001883017164,0.13404008864228856,0.05065397803474769,0.146595068193202,0.017354231284046895,0.004259851730727071,-0.03432675853211409,0.06078150222662426,0.0858459570176695,-0.04241868607509214,0.14943883256665438,0.1525029318239193,0.11929191766737632,-0.6996681953306081,-0.028458229083626274,0
2012-03-31,0.12690919428137848,0.25783505792120875,0.08431703191350715,0.2119773449251774,-0.018346200881627972,-0.07030702484827289,0.06664905097644103,0.0730253854280074,0.14525539516300645,-0.053883808853371074,0.0953997024413145,0.10373787147341813,0.0859921117068191,-0.5936151304029231,0.0,0
2012-04-30,0.06977589023644537,0.12648574041969884,0.0467628549759469,0.10479630970770915,-0.0023147874384344957,-0.02213742323216661,-0.04388395713732096,0.02084085045670192,0.07209067767487987,-0.04893503977974345,0.11476602252433317,0.13753198489465687,0.09452361087337793,-0.5629575088344692,-0.006675543320068367,0
2012-05-31,-0.036300115508870245,0.06315389403695693,-0.004942157480218423,-0.034849435683457,0.03772715597619558,0.09454358242275007,-0.07711971931777262,-0.13915412938517602,-0.07402727148506583,-0.10285401387630577,0.13090430185353613,0.1612755868169759,0.10132942275890909,-0.597428455724749,-0.06633048702719879,2
2012-06-30,-0.028441189116045318,0.0948585567702116,0.053205859683139956,-0.0480019424123751,0.0501391093227348,0.12377750133973486,-0.0427460700993233,-0.10590277995375097,-0.07858029843878012,-0.07746159083770565,0.16370987045840635,0.19941023950775078,0.11961665033007891,-0.7116090353556472,-0.028441189116045318,2
2012-07-31,-0.010341204237420576,0.058713119267241876,0.08741806006606345,-0.02712781533007924,0.03878689519680334,0.11287711470580009,-0.03329626406640118,-0.04083075329005148,-0.049128099434223915,-0.030489549052630904,0.16349515218045008,0.1948746254672977,0.11851934616181371,-0.767608708598665,-0.016947714400620373,2
2012-08-31,0.0792684722557706,0.04009090204780419,0.1795047787543298,0.10081619175035028,0.00862586105044949,0.00728711385493952,0.08310253600639572,0.14064971882963273,0.07064261120532112,0.061381246573862125,0.1420100847614791,0.16543389935554514,0.1073376169217477,-0.6764444343372361,0.0,0
2012-09-30,0.06347206257992388,0.03322565252845755,0.29962744849381107,0.07178225986827824,0.009294817021827662,-0.0014669149358782496,0.10761000506168217,0.11378635206858667,0.05417724555809622,0.05031428948866279,0.11478443149480813,0.1365206874894652,0.085324179958138,-0.631730520567985,0.0,0
2012-10-31,0.03191143561976606,0.021240228709092035,0.1504125551837443,0.005173182246600794,-0.008593178176343419,-0.042838275038757145,0.06607448383240233,0.011376117075451608,0.04050461379610948,-0.02053531854431445,0.10340706496975384,0.1287502617182053,0.07431309097914757,-0.5852423462101874,-0.018198113026226426,0
2012-11-30,0.0123891717383533,0.0926397147103375,0.1616441674737248,-0.03187089470339621,0.0022903460455392377,-0.018801396017546712,0.011143598937106702,-0.023966621446429026,0.010098825692814062,-0.036355793184782326,0.12508217744747402,0.1504532383616582,0.08348898948311265,-0.6027472826860527,-0.012641248509610015,0
2012-12-31,-0.0038200755440032097,0.059409518961931695,0.15990357695928448,-0.04487748144419812,-0.003666253620157822,-0.01834829024663087,-0.057420415104044054,-0.03138055812673668,-0.0001538219238453875,-0.02756048258273347,0.12446652310256495,0.1518674400811447,0.07257802117573542,-0.6797850800871347,-0.0038200755440032097,0
2013-01-31,0.0665843003954949,0.10062053663061898,0.16524140146578836,0.03529574151502768,-0.012639011047446025,-0.044993981729467114,-0.03374695690834972,0.03301886715226843,0.07922331144294092,-0.03356543324322647,0.1228503333850481,0.14990591748752524,0.06844320125183173,-0.6638678699427316,0.0,0
2013-02-28,0.07411360618689011,0.08742098412044141,0.13101667227954095,0.025436157324004283,-0.011140499695107997,-0.04424426822420369,-0.0785908028420218,-0.03451963501143762,0.08525410588199811,-0.10863324119832773,0.1138566791525048,0.14040313747854136,0.06080780192534643,-0.6816692492235602,0.0,0
2013-03-31,0.10502661653902035,0.10080533138570691,0.1373803068278019,0.06141023006944524,0.0011106563285632198,-0.023971532113537197,-0.046722670809764,-0.016918740991641368,0.10391596021045713,-0.12194535753066171,0.10933224093237351,0.13010934028881205,0.061662958037612826,-0.6537628418669736,0.0,0
2013-04-30,0.07141118907560928,0.1427503535361141,0.16702263240261717,0.06002190580503841,0.0296957568667795,0.05537037294213243,-0.11432998154273366,-0.07727423937386613,0.041715432208829784,-0.1486854284494754,0.11816598597045769,0.13698564403988117,0.08596699473070676,-0.6657197691100394,0.0,0
2013-05-31,0.0828895435951893,0.16314639277310428,0.27089994276596285,0.09418094860536375,-0.013449876126205518,-0.028021431194304336,-0.12470589432061885,-0.04681164477198685,0.09633941972139481,-0.12970118836717615,0.11110647915564682,0.12278641547794653,0.08897602436277663,-0.5403932721314931,0.0,0
2013-06-30,0.029353522400099807,0.13746304008030497,0.20503917212845235,0.036616281210097634,-0.04131856849613513,-0.05585831190340673,-0.22881189405094926,-0.0798243140116085,0.07067209089623494,-0.1091778364117083,0.14082093008618038,0.1440350054805405,0.12108242810252993,-0.24467104212944144,-0.01334409099729117,0
2013-07-31,0.06214120742444895,0.1379899740128323,0.25249513587826766,0.07479765153131779,-0.059051687114871076,-0.11847478481391116,-0.10373331053296742,-0.012942524169222924,0.12119289453932003,-0.07508373159367188,0.12101668382125376,0.12007400171007697,0.11116499372419636,-0.050632009773158806,0.0,0
2013-08-31,0.006522243389572413,0.08995241276253996,0.1852371253306908,0.03356619563942975,-0.042712043918228915,-0.06722672213841319,0.005226978478293454,0.030935875602191132,0.04923428730780133,0.02441363221261872,0.12292150388650477,0.12926712960105016,0.11164040789062638,0.04096579963972463,-0.0299921477548466,0
2013-09-30,0.052417827183068866,0.08330999744755152,0.19251342073370137,0.1100999599150776,0.0004333084062921877,-0.0293949323572541,0.07614803139075321,0.0250697059020506,0.05198451877677668,-0.027348121281018267,0.09015939020992628,0.10221611764701273,0.09177407655218049,-0.05156152389459057,0.0,0
2013-10-31,0.047044445151244174,0.1121090512000047,0.2708630114295181,0.09592975338028209,0.01178239412600579,0.007231372858041318,-0.0017192968292998323,-0.006941809511338715,0.03526205102523838,-0.05398625466258289,0.10693136535932475,0.11966345257843883,0.09207683952925066,0.12312865874649334,0.0,0
2013-11-30,0.11140936819212643,0.11865825059692625,0.30116330892768617,0.13935926760591877,0.017388757967186974,-0.006683033391082116,-0.10340215921734253,-0.04313589097851256,0.09402061022493946,-0.154545259170639,0.10036059351313244,0.11557203137441022,0.08887876986410391,-0.020816101880336065,0.0,0
2013-12-31,0.10524870163411681,0.16318343707068528,0.32307816850147986,0.11865414334541269,-0.021938114743219717,-0.03156678917433109,-0.0940863677508843,-0.003881963098886443,0.12718681637733653,-0.10913066473300326,0.10365457155638755,0.11732860989809006,0.08196429562792093,0.03620587893634478,0.0,0
2014-01-31,0.019098361132529273,0.06704127808655147,0.21428227632033403,0.04534408454594252,0.00024294792540957566,0.014952729437199386,-0.059887283965961546,-0.033786415150346194,0.018855413207119698,-0.05288477628287547,0.1055208629692057,0.12244938555193076,0.07809283848459606,-0.25242209192372633,-0.035248601972728166,0
2014-02-28,0.034814270951051496,0.15010227507390406,0.25355674964048824,0.06150883457324152,0.012693616417523979,0.0486194913166047,0.05733227815496322,0.024304219775795888,0.022120654533527517,-0.010510051175255608,0.11579389435737379,0.12923768318078602,0.07937821392607435,-0.3286803021640275,0.0,0
2014-03-31,0.017030449145132742,0.12407158344002078,0.21771798418727406,0.0031292730789043155,0.028514042641443638,0.07642174383485023,0.06450221914062082,0.01792688449759461,-0.011483593496310895,0.0008964353524618662,0.11677387228443392,0.1385204828749447,0.07459421120557734,-0.5514295026018792,0.0,0
2014-04-30,0.06151738478260338,0.08179062714563967,0.2030691479519955,0.019513907847819256,0.0055119669954051265,0.03381634882169493,0.034390915219883356,0.06149520013775689,0.05600541778719825,-2.2184644846490187e-05,0.11829988446245744,0.16359028255127384,0.07057940704900156,-0.5850863189882514,0.0,0
2014-05-31,0.03886651112203432,0.07503389132221039,0.20259553219891013,0.01304858730550773,0.02021846148032047,0.0587610725804355,-0.056339149715296744,-0.0038269947967548568,0.01864804964171385,-0.042693505918789176,0.10417860979104168,0.1542927368564862,0.059947476708847584,-0.5921662682381686,0.0,0
2014-06-30,0.05158972073904344,0.069498765999634,0.24402325057831087,0.07405458480519611,0.023751522413570703,0.048423856131410314,0.03583846496163079,0.017610911950622476,0.02783819832547274,-0.03397880878842097,0.09275031776865351,0.1398487849702134,0.051662572938184104,-0.4456148657904129,0.0,0
2014-07-31,0.030296772148079576,0.0936779351205872,0.1669995017061321,0.09023111321357646,0.013805516930031292,0.03372859870669598,-0.0066817084438762775,-0.041272285211065074,0.016491255218048284,-0.07156905735914465,0.08296819817338603,0.1046436637598827,0.05073969691764594,-0.3699220463229047,-0.01343755557028159,0
2014-08-31,0.046667162982977795,0.08734746391412385,0.2505607920434736,0.0956974046640402,0.0143525310756063,0.05154374096850556,0.028481277891588386,-0.03841714285219022,0.032314631907371494,-0.08508430583516802,0.08267113308252222,0.09277926816660848,0.05062680453145131,-0.30771550883200294,0.0,0
2014-09-30,0.011347707751210967,0.06352285356416787,0.19547581803052339,0.05446716106822613,0.005887396992672711,0.03192551334207061,-0.09239296174612799,-0.12641096415954967,0.005460310758538256,-0.13775867191076063,0.09222307162822242,0.11096894008213233,0.05978651806850239,-0.2953118534127547,-0.013796526958991029,0
2014-10-31,0.04926512388138149,0.0810544702625422,0.1694745933639128,0.06968261312063717,0.023598560753050446,0.05401109675469229,-0.08696001118903673,-0.11848338614080167,0.025666563128331044,-0.16774851002218316,0.1278112105000093,0.15088624197753803,0.07395797229278148,-0.40065436354948325,0.0,0
2014-11-30,0.037160294751127365,0.08556162326575167,0.16701553612943631,0.06496478722850085,0.017653913438198554,0.0363330188120754,-0.0948651698861529,-0.1841790316710319,0.01950638131292881,-0.22133932642215925,0.12285214796204894,0.14924109264489993,0.07888440260484607,-0.39040877976400196,0.0,0
2014-12-31,0.04900254156320383,0.06090631583514061,0.13463799562690104,0.04904016627160601,0.02977822013917164,0.09311771616089692,-0.0226314196208387,-0.20542624511905905,0.019224321424032187,-0.2544287866822629,0.1393701222096044,0.15742149798980046,0.08318546090897201,-0.4842153958182493,-0.0025361027084841448,0
2015-01-31,-0.005500128216275768,0.043494031167167435,0.14124639731756528,0.0007561920935093003,0.05783128377801949,0.16750852996725585,0.095774835215648,-0.22043009068063746,-0.06333141199429526,-0.2149299624643617,0.1353050956259484,0.14722632843903535,0.07464933207209615,-0.6613198586945108,-0.03209061910041233,2
2015-02-28,0.022310352812317413,0.06029970684995223,0.15291419723218436,0.02635529449288687,0.018558921111523574,0.0642620752712908,0.036125261169464906,-0.11018606106446183,0.003751431700793839,-0.13249641387677924,0.14195018731160475,0.1527764283328442,0.08015270036297889,-0.6304774886607581,0.0,0
2015-03-31,0.00881282826115859,0.058247220807519096,0.12547010404956271,0.025112535433780003,0.025950768541134428,0.042006906024302904,0.0007043654672034272,-0.07479676148776704,-0.01713794027997584,-0.08360958974892563,0.13928183407770758,0.1503533436575584,0.09335884102486927,-0.3448329094884444,-0.015705580456166213,0
2015-04-30,0.04983975556784914,0.0440655023056824,0.1286916785144645,0.06703821166810431,-0.022594830108601194,-0.08363199123090859,-0.08084241372418421,0.05114942778364506,0.07243458567645034,0.0013096722157959206,0.11373178882376149,0.12732966847398416,0.09293565742129932,-0.16038482212364039,-0.006026159218596061,0
2015-05-31,0.006752409573631768,0.029213411025870162,0.11727458116012479,0.017556228791590023,-0.001995950779203892,-0.0468661630784909,-0.017734203882951882,-0.025316481629063303,0.00874836035283566,-0.03206889120269507,0.11278515260212119,0.1354499707007298,0.09430917358615404,0.0028024593869057186,0.0,0
2015-06-30,0.0020408603257928704,0.010871674338507553,0.07244014380456609,0.01625280625997072,-0.026605313877237524,-0.09555606147928553,-0.011349646964311844,0.054481399194364455,0.028646174203030395,0.052440538868571585,0.10087929613839838,0.12988912560142735,0.07337429693969302,-0.34218070414337776,-0.02031202747129468,3
2015-07-31,0.014697937196627153,0.06527023436170776,0.11160313113649156,0.0425295148171716,-0.005530405847855024,-0.020904541335088456,-0.07526219109592447,-0.1399671781261681,0.020228343044482178,-0.15466511532279525,0.10968482161912428,0.13517610201071434,0.07428658020923683,-0.33388257543415945,0.0,0
2015-08-31,-0.05924246985223314,-0.052890089699197174,0.004220360246625754,-0.04997808876834786,-0.0005837586153095708,-0.004025777743330461,-0.04627518711575118,-0.11405996198474755,-0.058658711236923566,-0.05481749213251441,0.18037644154029958,0.21619711065526667,0.10352610444323133,-0.39522626349796297,-0.06095014790036435,2
2015-09-30,-0.06423947325230495,-0.06232971671882259,-0.007713028683894896,-0.047281539821818486,0.03203063224799951,0.0586724307372426,-0.049034457609266946,-0.15833329103241134,-0.09627010550030446,-0.09409381778010639,0.2107072419102521,0.2475279671949659,0.12372305103135055,-0.5077778073122318,-0.08491077202581676,2
2015-10-31,-0.007073412520729572,0.00752056010290203,0.05191745966713879,0.014790244573920752,0.010120243949659047,0.008498036476489279,0.04164683821473747,-0.03369365336718888,-0.01719365647038862,-0.02662024084645931,0.21646037377750246,0.25259112595555583,0.12876955823202882,-0.5292451840537852,-0.007073412520729572,2
2015-11-30,0.06123797917788898,-0.0016323798096018471,0.027533343833940016,0.09574737729121452,0.005005888122829427,0.006689193708399266,-0.06340747606349306,-0.09560227850906045,0.05623209105505955,-0.15684025768694942,0.16530867735395893,0.1877747310756517,0.10681883504884634,-0.5995347878251175,-0.0034446326104871083,0
2015-12-31,0.07020443709182489,0.001455067780766539,0.012342561142327124,0.10261048811649154,-0.015100843150753662,-0.015663124276354523,-0.05053342218824397,-0.11815182078422792,0.08530528024257855,-0.1883562578760528,0.14855253712114502,0.1680659099004572,0.09814498531842253,-0.2734782026863983,-0.020667447887096624,0
2016-01-31,-0.06279586553985506,-0.069425096999025,-0.008686254989027864,-0.0783730248973531,0.024255363284655607,0.04346051291332187,-0.021500512698090057,-0.15921042437174227,-0.08705122882451066,-0.09641455883188721,0.18114743631308247,0.21552514651475752,0.11745070059618933,-0.29892485178630257,-0.069425096999025,2
2016-02-29,-0.0669797696623543,-0.009843496224388293,-0.06221296252532382,-0.09828911239599847,0.043940912176358315,0.08507554862582256,0.1640502504031407,-0.10147984266163568,-0.11092068183871262,-0.03450007299928137,0.1979143006004035,0.2397621703655368,0.12353022991331376,-0.43126071082590955,-0.0701936815740195,2
2016-03-31,0.013292936617627538,0.08443059684199028,0.016838344939605454,-0.020884132324141436,0.047998427495630436,0.08729476424318272,0.15947171743718203,-0.00523940378837251,-0.0347054908780029,-0.018532340406000047,0.18394008721918717,0.23057577140166174,0.12269662515798929,-0.5747327487926623,-0.007649242344280327,2
2016-04-30,0.07058711083214875,0.003358666571631197,0.010904485728350899,0.01828128274398977,0.012605887757649148,0.02231214782892943,0.156147779842561,0.14084505799087021,0.0579812230744996,0.07025794715872147,0.13795221191660134,0.17592971345379388,0.09455906404647882,-0.6329051296767123,-0.0037385031832790627,0
2016-05-31,0.089699502109438,0.016711680456965583,0.015052020837601265,0.07968073927308006,-0.0032113638968351843,-0.000303980286990746,-0.021746475424204936,0.15372549775961053,0.09291086600627319,0.06402599565017253,0.09970625632399743,0.1262258846730163,0.08078560576177302,-0.5282217711062736,0.0,0
2016-06-30,0.024568756640604095,0.03818828418302922,0.039698918505713054,-0.012578148923307553,0.028244821795762487,0.07001485666649221,0.07505951952454426,0.15500370915473716,-0.0036760651551583923,0.13043495251413306,0.1371904260570856,0.1637206528302207,0.0919526500312568,-0.6625385396439006,0.0,2
2016-07-31,0.057767297982321386,0.132432035479622,0.05381283157164596,0.09285772664554504,0.03239134621175821,0.10061787187169946,0.04310549240506578,-0.020576310620481486,0.025375951770563177,-0.07834360860280287,0.13193037990176892,0.15415136263707724,0.0910065607628212,-0.6064149881504018,0.0,0
2016-08-31,0.04131927380679934,0.13472509420423062,0.12355543202371266,0.0580944163076178,0.02296453843988533,0.0807597579435213,0.0751335637095869,-0.02175392548305477,0.01835473536691401,-0.06307319928985411,0.12073634631927388,0.1388687538107006,0.08575654893797527,-0.48420844481938985,0.0,0
2016-09-30,0.0377725422804982,0.06326932332008872,0.15304178689178305,0.10672718106490131,-0.005317937582053012,-0.004567394439983441,-0.006562835637253239,-0.022149844123187434,0.04309047986255121,-0.059922386403685635,0.09712942098473927,0.1073039429261012,0.08657146901932827,0.13311012473539052,0.0,0
2016-10-31,-0.016103329546666822,0.04073372259922481,0.04422920016328802,0.017817498359711692,-0.022594849818404317,-0.067773057905123,-0.05458205550730755,0.047619307168533354,0.006491520271737494,0.06372263671520018,0.09440453630394288,0.10645403127154372,0.0868725446004379,0.22677940696797302,-0.017337272416472316,3
2016-11-30,0.018922117811695394,0.06102323978536073,0.07875472112606796,0.011631526421310712,-0.05434728404288103,-0.13558505506023266,-0.1044237771018377,0.05698405126985051,0.07326940185457642,0.03806193345815512,0.108778254907745,0.13306245261071845,0.09365525226117077,-0.01900454652338611,0.0,3
2016-12-31,0.039516657260626475,0.07878184414828548,0.11997867178411248,0.0009293253179254446,-0.05770489615361285,-0.12640580975290838,-0.12758674671418058,0.05529649570670592,0.09722155341423933,0.01577983844607944,0.0860670767966687,0.11920214999463685,0.07409240305850949,-0.16550323734307779,0.0,3
2017-01-31,0.07678725196779301,0.05944739199770588,0.19975216660353912,0.0679406215812659,-0.041308014501730383,-0.07894494586826895,-0.052402815005017866,0.05280737438381866,0.1180952664695234,-0.02397987758397435,0.08388592817321863,0.11533743532529497,0.07025405442787691,-0.2478678167977203,0.0,0
2017-02-28,0.07933458813870065,0.09975788437369881,0.2479228689477908,0.1098254734228794,0.008249751141627959,0.01938055351927792,0.06693515308217979,0.03353058310929846,0.07108483699707269,-0.045804005029402184,0.06543774256731746,0.08531664374216455,0.05639742905129138,-0.15162662124360665,0.0,0
2017-03-31,0.05921190203771842,0.10106841573691905,0.1707322693297162,0.11964352202164341,0.010259558033924865,0.017408303185688423,0.0831128597721329,-0.03977276004719765,0.04895234400379356,-0.09898466208491608,0.06845276277461557,0.07132472874284368,0.05767043602924392,-0.36580988566107386,0.0,0
2017-04-30,0.05091963429718094,0.1316168650538594,0.1777118325235676,0.093946384743544,0.01922440045567697,0.025067986137212506,0.04517519215443411,-0.0603174382628624,0.03169523384150397,-0.11123707256004334,0.07154544133780251,0.07100002257049512,0.054797846551392845,-0.40577706076658426,0.0,0
2017-05-31,0.025459466895814353,0.10681387135492537,0.17435523962438015,0.08893946658184415,0.020268528146023534,0.028128207350003986,0.011658134282587218,-0.07188292828261589,0.005190938749790819,-0.09734239517843024,0.07341444634464615,0.08757873871730643,0.058100707278274044,-0.4079912714040365,0.0,0
2017-06-30,0.03070833183971078,0.09173853261406384,0.17774770754114289,0.04256640330718531,0.014252565241227977,0.04310262563123812,-0.005896264912728544,-0.04996710855659592,0.0164557665984828,-0.0806754403963067,0.0743622127792751,0.12359907213587704,0.0516870726869924,-0.3448396257764265,0.0,0
2017-07-31,0.04155508524155205,0.09459068928242087,0.159661251065232,0.056108178991276514,0.006890283333401248,0.02018605731003298,-0.00016557624925261916,0.0162160374132172,0.0346648019081508,-0.02533904782833485,0.0695175506364626,0.1284748648894869,0.055507097538085526,-0.13615405764218244,0.0,0
2017-08-31,0.030056940732271942,0.05628164131564928,0.16165406315607656,0.03757005826812487,0.01318931253905764,0.03541397264205637,0.04311056897558818,0.03495545927101196,0.0168676281932143,0.004898518538740015,0.0754996711550749,0.13783405990738123,0.05559977996248394,-0.16047245030722893,0.0,0
2017-09-30,0.04415516692692778,0.07621943028506828,0.18499122308926985,0.059055455145172964,0.003697853221211078,0.0034169082761739134,0.030164423735368873,0.06574384118165133,0.0404573137057167,0.02158867425472355,0.07068570463559594,0.11345104109577901,0.049185800381842656,-0.3955043812865643,0.0,0
2017-10-31,0.04723491509441402,0.09075285125909183,0.23431432209037206,0.06460281283395752,-0.0019396711126451471,0.00967703314616064,-0.000662541043931042,0.06449480921158135,0.04917458620705917,0.01725989411716733,0.06991319031883834,0.11787341176611402,0.04704460005850581,-0.49345816372699625,0.0,0
2017-11-30,0.07610464246462723,0.10844905592490939,0.226846790787961,0.063540519697735,-0.0190248497432961,-0.016349069283804196,-0.03751391855151376,0.07019852856310971,0.09512949220792333,-0.005906113901517518,0.05575327928083516,0.10252560548613092,0.043914740772631376,-0.41850054215402127,0.0,0
2017-12-31,0.0676434107912618,0.11478538381318448,0.21705415910381198,0.07312298409639495,-0.0028378429188608,0.02529668158763254,0.01702582384972051,0.07857159861223684,0.0704812537101226,0.010928187820975044,0.05624562690098794,0.10039272957851515,0.04852373986392647,-0.2130117577278614,0.0,0
2018-01-31,0.10185069505091593,0.153896519078367,0.26304438617857584,0.11570289163821368,-0.022432100217281814,-0.007699598115783135,0.0578437346718208,0.0680825147464017,0.12428279526819774,-0.03376818030451423,0.06981596403749078,0.10262215585691839,0.05563342494737807,-0.10621673683702754,0.0,0
2018-02-28,0.03029506382916458,0.10870530129495348,0.1711050553871949,0.07998474833344948,-0.02883840770713375,-0.04497744775415191,0.032204802436164526,0.027227832833738086,0.05913347153629833,-0.0030672309954264954,0.1646417271907521,0.1915413764340144,0.10458614935266443,-0.03780241385110617,-0.03636048404191494,0
2018-03-31,-0.009952904880728974,0.057017257477119276,0.1375825106435109,0.02972397547087846,-0.01942630373573251,-0.03515563025837187,0.01730690952883296,0.022275527392146888,0.009473398855003534,0.03222843227287586,0.19720079434981708,0.23851368234021564,0.11631492779198252,-0.1932876453877156,-0.06277425521270641,3
2018-04-30,-0.05793034631269667,0.03802010270173084,0.13222338668616818,-0.04839966873130841,-0.010670095305547966,-0.023512989719597255,-0.02397183824058091,0.02690054637282069,-0.0472602510071487,0.08483089268551736,0.21308416319892773,0.2637405936374124,0.12229323506000203,-0.2306582800105638,-0.05793034631269667,3
2018-05-31,0.001380940979825107,0.031717840504117856,0.1436066662876756,0.01875449749585978,0.00849270129445645,0.02730488513731988,-0.015200012207031266,0.08614464548875489,-0.0071117603146313435,0.08476370450892978,0.1598010544186415,0.21287097755772277,0.08762168539353725,-0.3302070587345539,-0.035029754744549724,0
2018-06-30,0.035524260408748454,0.025217785943212778,0.1428978029948078,0.07423569377590433,-0.001061300959556588,0.005194233391346392,-0.05676126351603428,0.04122511445164956,0.03658556136830504,0.0057008540429011045,0.11586029675145212,0.15800068055492283,0.06925320129566691,-0.31294668707119067,-0.029480003793099452,0
2018-07-31,0.068364652493907,0.0064739181866910744,0.16136675073878792,0.0987181939162225,0.00651472572665357,0.01188005726358532,-0.06902639639540353,-0.01765377588209127,0.06184992676725343,-0.08601842837599827,0.09145975095441175,0.1341166813566759,0.06571314859261765,-0.3048523393009912,0.0,0
2018-08-31,0.07630334869550603,0.0777896600964425,0.194951109829812,0.09983812371095002,0.006792552635101812,0.005011682791733474,-0.0779041141897876,-0.036051171390448444,0.06951079606040422,-0.11235452008595448,0.07797524001100048,0.12636635243819178,0.0672873126688558,-0.28447800115076693,0.0,0
2018-09-30,0.0765112708432969,0.11475353756168682,0.17831372703637105,0.08432499334943944,-0.007299699770412671,-0.030038613934758485,-0.04964179784155964,0.01640267512787097,0.08381097061370957,-0.06010859571542593,0.0707577044136602,0.12274344717077128,0.06487889469161337,-0.12028730285290738,0.0,0
2018-10-31,-0.03367878536082547,0.03238342867547184,0.07163475266127817,-0.03584273289373119,-0.005057202001782279,-0.04473807977424915,-0.007241972181749601,-0.016811619450176618,-0.02862158335904319,0.01686716591064885,0.14406287108264113,0.21943762785945015,0.09263389525751572,-0.27377348102342797,-0.06910441577939164,3
2018-11-30,-0.04619932053379916,0.02657886529752096,0.05913973001192585,-0.09094664298336641,-0.001943772445569869,-0.04025756504555589,0.01788387579149653,-0.12025306432608729,-0.04425554808822929,-0.07405374379228813,0.1743805120102184,0.2651377487115867,0.1059295732525628,-0.25900961706364395,-0.05183663280445017,2
2018-12-31,-0.13532104190346006,-0.06916335594803602,-0.04568971671023503,-0.1673324228464126,0.03855909696183257,0.045878275100918575,0.07529263659921148,-0.1831826423581675,-0.17388013886529263,-0.04786160045470744,0.23685913072482856,0.3288107740099297,0.13105309846793828,-0.41091857962993583,-0.13532104190346006,2
2019-01-31,0.003238144722291336,-0.03054969741960345,-0.024273555474635056,-0.006941469625514007,0.048514660827682965,0.08153235481478993,0.08336950366399765,-0.07301956869822379,-0.04527651610539163,-0.07625771342051513,0.22886962443754771,0.30697423013956426,0.12340853522466402,-0.5661603865618205,-0.06609004115634332,2
2019-02-28,0.016895938142105882,-0.0300839632536396,0.04536547556694859,0.02547964535313274,0.02931342308431173,0.047917640090816116,0.07313481808278732,0.05737741624271098,-0.012417484942205848,0.040481478100605095,0.20970115701313838,0.27033435097839015,0.1103063708788416,-0.5407915220211891,-0.03581652320370321,2
2019-03-31,0.13525987322232025,-0.018364675653314122,0.0942814504109819,0.1667768101702356,0.027821115072628633,0.04512705881219237,0.006268058855509073,0.09730852616287367,0.10743875814969162,-0.03795134705944658,0.1330583756533009,0.1767274522937991,0.07651245464528467,-0.5213000804350854,-0.018364675653314122,0
2019-04-30,0.09404290046877661,0.09758556971288979,0.1331291537249144,0.12919151382032035,0.01586175657436595,0.02045493237469742,-0.028456938290643663,0.03672669155197106,0.07818114389441067,-0.057316208916805556,0.09320539414065321,0.12030033353217133,0.06193302609997067,-0.3666448416721205,0.0,0
2019-05-31,-0.007885618412380668,0.008877084808817326,0.03569189294770658,0.006216346998525024,0.05236223584149724,0.10546133239384936,-0.005322978015049218,-0.052005026651846475,-0.06024785425387791,-0.04411940823946581,0.1180419786519192,0.15300852805764034,0.07315355353571319,-0.5498952254106655,-0.06377103952375618,2
2019-06-30,0.04228665377576024,0.18326621442678603,0.10142755205710108,0.04170600855129947,0.03762027513335542,0.05706868306402302,0.09171374982452263,-0.010691862925308326,0.004666378642404823,-0.05297851670106857,0.11769347573189867,0.1652973699909919,0.07469316052229533,-0.44343517924280124,0.0,0
2019-07-31,0.016518337208347278,0.11211467001911823,0.0781399033541319,0.010459842204770142,0.04342742186177806,0.08130932495575616,0.099092492310489,-0.03356115534863813,-0.02690908465343078,-0.050079492556985405,0.12099622544522978,0.17207713884183246,0.07912269816628897,-0.3677115116844909,0.0,2
2019-08-31,0.06757892818525457,0.05916040813248724,0.027296665334519687,0.08010618427963134,0.05257042066212203,0.12391807968659818,0.16557202518263114,-0.019828224619243717,0.015008507523132542,-0.08740715280449829,0.1567292724519534,0.19236635909194386,0.08521923078209391,-0.573733565019338,-0.016743453043715606,2
2019-09-30,0.01754421179440313,0.060572751580081796,0.04109567699057082,0.013123747505879413,0.027579551510679368,0.08350336272005743,0.04256755479618013,-0.04386522928377168,-0.010035339716276237,-0.06140944107817481,0.15011720645464044,0.18467667514531907,0.08057410653928306,-0.5495315360734183,0.0,2
2019-10-31,0.024545958072842655,0.041469753693739175,0.1431021729466857,0.03337228882637011,0.029116655374025413,0.06870100947691826,0.0692139140996999,-0.014147948882196393,-0.004570697301182758,-0.03869390695503905,0.1603201268733327,0.19265200468933522,0.07920731601960365,-0.5280760932330123,0.0,2
2019-11-30,0.0797108316767603,0.1526765324314856,0.16290893976701337,0.09624780267401323,-0.01680737397879506,-0.041550970884214444,-0.04097390879755436,0.03236684820785407,0.09651820565555536,-0.047343983468906226,0.09585628307294965,0.124784588424554,0.05645031784870531,-0.319238705278431,0.0,0
2019-12-31,0.08987562970792973,0.10899663858508424,0.31223825435060304,0.12849388275004503,-0.0142404687065395,-0.04664834761039016,0.02901993894286603,0.07749375399075276,0.10411609841446923,-0.012381875717176971,0.08932939589613374,0.10782346010925303,0.05078133671319935,-0.276890497229568,0.0,0
2020-01-31,0.06587471061708117,0.09203762657479131,0.21447106472668498,0.11398894321178821,0.018011824709881274,0.03823258171933608,0.048444916872109944,-0.03368822480414624,0.04786288590719989,-0.0995629354212274,0.08816710579786262,0.10709051535794731,0.05313627378306843,-0.432175400452741,-0.00040380601209111244,0
2020-02-29,-0.05279332569050399,0.022709306088484205,0.08321320603757187,0.005588482997476607,0.055415144462418686,0.11155696821767336,0.07630932994258965,-0.09679802925209802,-0.10820847015292268,-0.04400470356159403,0.1617688558776087,0.19146968387261257,0.08943101816698605,-0.5060639373642213,-0.07953761403072979,2
2020-03-31,-0.19447675135254716,-0.12207984213598011,-0.06890180250653655,-0.10255494788548658,0.10495952858900459,0.22149435355676594,0.03603925385052187,-0.2946707701407667,-0.29943627994155175,-0.10019401878821954,0.5443316928231553,0.548708909307487,0.3344708832084835,-0.5075011039103557,-0.19447675135254716,1
2020-04-30,-0.09182201839922288,-0.031996056672466855,0.008146828431894182,0.0013991128364208016,0.07088622627259511,0.14808358337311822,0.06341660151733652,-0.25240053353876246,-0.162708244671818,-0.16057851513953958,0.5918359134866632,0.5960963506729418,0.36686921619126844,-0.5058467192444484,-0.09218874612824202,1
2020-05-31,0.033246316769673934,-0.02130219255006105,0.12812199498969323,0.1363329895692369,0.04348810207730125,0.057762750237544846,0.09792423710170639,-0.13445998632773826,-0.010241785307627316,-0.1677063030974122,0.5876304104045024,0.5834138950304217,0.37037568656074643,-0.49766206405397184,-0.04893562997222556,1
2020-06-30,0.20161760462515121,-0.032069083490377626,0.07343213279175087,0.30268154132905845,0.006465773630749183,-0.0022967761732022307,0.13049639761692866,0.094222200919162,0.19515183099440203,-0.10739540370598921,0.3117743394610847,0.3032528760017098,0.20384949045425468,-0.5370752344680889,-0.032069083490377626,0
2020-07-31,0.12901746571779382,0.025348803207610793,0.11971947346614176,0.21626347755002473,0.012275680706065994,0.029404439290093398,0.16769514554318943,0.187155883784607,0.11674178501172783,0.05813841806681319,0.21433585765459126,0.21756835359226953,0.14388349257101032,-0.6041615187378093,0.0,0
2020-08-31,0.15288902003842697,0.19121833359890328,0.2182700753548148,0.2658243445866013,-0.0008138483390671691,-0.00501354613945959,0.1345528063114494,0.14940575764736974,0.15370286837749414,-0.003483262391057229,0.18972137980291237,0.2174967113638269,0.12883475869419317,-0.565944976153668,0.0,0
2020-09-30,0.09038325758739973,0.3102237181055405,0.1502718134363994,0.12213246021083757,0.0020338622340734247,-0.0006826061383815585,0.05825416911300829,0.06092604193339657,0.08834939535332631,-0.029457215654003166,0.16835030515683624,0.262292677318346,0.1171376177788578,-0.21540540338611874,-0.03744374326437061,0
2020-10-31,0.004064349201754691,0.13360618695335136,0.09733525915133279,0.01350697566548753,-0.020171210680384855,-0.07551378738984915,-0.049776174794319394,-0.022411072516649866,0.024235559882139546,-0.026475421718404557,0.19114954669866766,0.2799122057448259,0.12381213496464726,-0.17989191817479747,-0.06144364460163021,3
2020-11-30,0.04064933364703016,0.1997531904719667,0.17419581699598274,0.016074434954177486,-0.00722748452523414,-0.01018039680264271,-0.09825246703567458,0.029542072858498747,0.0478768181722643,-0.011107260788531415,0.2094375153581152,0.2964738676788936,0.13134403875537737,-0.1696229799709292,0.0,0
2020-12-31,0.12118525956393622,0.222521635682299,0.18331648727881045,0.13125747874128013,-0.012830673447651875,-0.02983498791259309,0.007000934549166171,0.1255742269650435,0.1340159330115881,0.00438896740110728,0.16204286888539796,0.2217340463723136,0.10388599057031846,-0.23324448484238353,0.0,0
2021-01-31,0.1381372314655851,0.1427630186137796,0.17173069348555536,0.1698346801288384,-0.009941135233702547,-0.03232104977679773,-0.0203745539163952,0.20079054349041892,0.14807836669928764,0.06265331202483382,0.14472551506130005,0.20491131407475877,0.09765605283274287,-0.13043677974101792,-0.010190803408450133,0
2021-02-28,0.055022301496985726,0.09790825503559453,0.30784844200798056,0.05036197408677001,-0.036599065620742,-0.10272727045014485,-0.02915942079404843,0.20014347112054032,0.09162136711772773,0.1451211696235546,0.13031878447852982,0.18202070290847602,0.09720669972818557,-0.07221298219151037,0.0,3
2021-03-31,0.06351791888866276,0.19240061394008268,0.5623115658679043,0.01846457856242134,-0.057335112886576556,-0.13922375912489537,-0.1031621094052434,0.12993204405039704,0.12085303177523932,0.06641412516173428,0.15453626062702636,0.2439158365567838,0.11938164034304644,0.030444652780579725,0.0,0
2021-04-30,0.131317853525728,0.28759496971936005,0.4596256239638796,0.07584232084476339,-0.03738369970679756,-0.08448787152513393,-0.04026416154143386,0.17906526408995926,0.16870155323252556,0.04774741056423126,0.13796944476042972,0.2283665971483512,0.11412723926691261,0.11188444606819954,0.0,0
2021-05-31,0.10793936269113114,0.16890073634550085,0.40239238777554576,0.06433940860773424,-0.009894650238746916,-0.028788726846878943,0.10240410094696717,0.11177533720618515,0.11783401292987805,0.003835974515054019,0.13095578734727473,0.22025661081752257,0.11133379257449248,0.33358343031308224,0.0,0
2021-06-30,0.08359268548814058,0.1524202377933246,0.40885867410047916,0.1119018641909042,0.024675653520669805,0.07026769836295288,0.03544634865568419,0.15894023785189648,0.05891703196747078,0.0753475523637559,0.11085620164086335,0.1586799144097533,0.08762505308556934,0.12336512960494381,0.0,0
2021-07-31,0.05426467891463882,0.19270845359769995,0.3629831127594807,0.07989239905308931,0.034708921238529866,0.0830232162981639,0.025111696065118982,0.0887770773595482,0.019555757676108954,0.03451239844490939,0.11281908691552472,0.14621614197606989,0.08601890133426332,-0.18004944432392922,0.0,0
2021-08-31,0.07855740712000059,0.1949762062703324,0.31197424143531527,0.1391334155871986,0.02626739323958427,0.07931588023278957,-0.04871623614493781,0.031182832954681716,0.05229001388041632,-0.04737457416531887,0.09472124828866614,0.10790215440651446,0.07515950349218296,-0.4246309283324469,0.0,0
2021-09-30,0.005735042778071797,0.08980713589342071,0.2994866979155979,0.011079183208786203,-0.00034499871834747786,0.0035906109212429094,-0.008512972411653275,0.04831172735300604,0.006080041496419275,0.04257668457493424,0.11102299717427182,0.12273261357007467,0.08117529008998747,-0.25590475006474855,-0.04660548041327406,0
2021-10-31,0.05065177083465966,0.10766505183009922,0.4262239488703701,0.06025744873050298,-0.024193186988697768,-0.00851989189216562,-0.01866690196098164,0.09487187211807258,0.07484495782335743,0.044220101283412916,0.1126760094389924,0.13581677773592044,0.07965168690157569,-0.08972700034317956,0.0,0
2021-11-30,0.012090197540498338,0.0915973792308491,0.27596898037575834,0.03765422662834328,-0.009630219343206847,0.022435770758464146,-0.024692099599992967,0.01564130719504009,0.021720416883705185,0.003551109654541751,0.12526735540477268,0.15235547221947227,0.08483883150646833,-0.23297814576838585,-0.008034775238057401,0
2021-12-31,0.11066012516250545,0.11702980849221101,0.2872877575248256,0.1128566394269479,0.0011693922513171806,0.03184162458800044,0.04104253710305272,0.029732438252850768,0.10949073291118827,-0.08092768690965468,0.1377296932068674,0.18448501699394276,0.09177477535022666,-0.4100705001452701,0.0,0
2022-01-31,-0.0168957706710966,0.03290019945945577,0.23194879961804338,-0.05852276707039117,-0.015625950779847075,-0.03239559830107863,0.008640879052781214,0.05011708500634282,-0.001269819891249524,0.06701285567743942,0.16326014590738455,0.23212024660312425,0.1087882075247554,-0.33204375374125406,-0.05274151450295017,3
2022-02-28,-0.038185942669645145,-0.026557420719293012,0.16324072041086635,-0.11827021663766757,-0.029221027995068427,-0.07386377763080976,0.0778248029172961,0.22535936030304615,-0.008964914674576718,0.2635453029726913,0.19542887590758376,0.2818934218249049,0.11571817419515801,-0.252257531843926,-0.08070159313181535,3
2022-03-31,-0.04614481330424658,0.05940892104241069,0.15455140198116868,-0.08762544126703253,-0.06373750780346055,-0.10628839819987135,0.05667984792978609,0.2540904457179698,0.017592694499213968,0.30023525902221637,0.21344676420650815,0.3103840515851035,0.12573996818036162,-0.16673934194399545,-0.04614481330424658,3
2022-04-30,-0.08141632856677383,-0.0969365076215235,0.00029187009127551455,-0.13610452821130448,-0.08396908399264402,-0.15753744373458378,0.05247193477527934,0.22792151675941974,0.00255275542587019,0.3093378453261936,0.23699849048603538,0.3366114556596542,0.13841445767274985,-0.016584562207177578,-0.1298638225958425,3
2022-05-31,-0.05134141220527744,-0.0875668346518732,-0.003990347982676945,-0.10997346699819954,-0.07549265025653429,-0.16285025677528275,-0.0405875394942411,0.20653526624206453,0.02415123805125685,0.25787667844734197,0.2661667289765274,0.3655823303101659,0.16326253942545002,-0.07044086564710393,-0.12789967157848958,3
2022-06-30,-0.16110259258108506,-0.1998133568278473,-0.10616766721938498,-0.22541324199650437,-0.04468070179374939,-0.12593254965880596,-0.06747848101009235,0.022256275251506752,-0.11642189078733567,0.1833588678325918,0.2843011395101812,0.37363045967350644,0.17811913619945757,0.013531899125407323,-0.1998133568278473,3
2022-07-31,0.00429539119506428,-0.07747065235256967,-0.04711925280776763,0.008990788762474278,0.027036960673457733,-0.0115320795902909,-0.07240968454819718,-0.05158016400002996,-0.022741569478393453,-0.05587555519509424,0.28233054093132703,0.36922715995108896,0.17972393807621895,-0.03907169452560028,-0.12612624732091382,3
2022-08-31,-0.03885138428591284,-0.08819811155582158,-0.11241321791987946,-0.027360655096240416,-0.01861262235600103,-0.03478852904780749,-0.06935839172327041,-0.10694445385265439,-0.020238761929911808,-0.06809306956674155,0.2363266941330184,0.3065059126030564,0.1558209445395483,0.08263197486854805,-0.1617819765738645,3
2022-09-30,-0.049311644163530066,-0.2024700030254344,-0.1550896064062185,-0.044739531614357286,-0.0569378428534667,-0.10283988083637263,-0.08185924252243737,-0.10247733033254336,0.007626198689936636,-0.05316568616901329,0.21431047362462066,0.2768996586843677,0.15339518304939614,0.1419331183492363,-0.23927187584036202,3
2022-10-31,-0.058723786326399297,-0.054680636766062274,-0.1463165944249627,-0.11732216617583668,-0.09738133949210015,-0.1763727803632208,-0.0742839853017232,-0.03791643625124952,0.03865755316570085,0.020807350075149778,0.24439071570097845,0.2960508454361402,0.17270847477426984,0.1984682586832702,-0.17744342284948922,3
2022-11-30,0.03586869838685636,-0.004376234483919661,-0.0915598561343417,-0.017986701928399018,-0.027289800028384548,-0.07537602579457059,0.034783657547064806,-0.008942400834258124,0.0631584984152409,-0.04481109922111448,0.26868548579685914,0.33577144640728446,0.20262050878134322,0.2924192620696765,-0.13171618710916555,3
2022-12-31,0.07560924990565598,0.022569189315306826,-0.18175379299051497,-0.0012816360464313892,0.005862693572566968,-0.018798681561340902,0.09678671622114754,0.037174091375979046,0.06974655633308902,-0.03843515852967694,0.2506483686648461,0.319445093260148,0.1863506967689139,0.27136624864176534,-0.18175379299051497,3
2023-01-31,0.05731747115335195,-0.0047722141018262665,-0.0818731599147613,0.06251229761163546,0.057256858878338424,0.12319273828133159,0.1810282360414377,-0.00397440901543189,6.0612275013527395e-05,-0.06129188016878384,0.21473315525696998,0.2880152253710732,0.16581014368875135,0.2616905794628855,-0.13029655996666478,2
2023-02-28,-0.02354847010680816,0.011475575308315333,-0.07773466031871623,0.0030776263491549827,-0.012977087633430417,-0.002611955621565021,0.030155944993180306,-0.06224165016426719,-0.010571382473377744,-0.03869318005745903,0.18046712512996624,0.2528249541422068,0.13560964511550708,0.2182958680773853,-0.15216294252125073,3
2023-03-31,0.07458222427486483,0.1558305802142388,-0.0781904408586277,0.20710055503968072,0.03921469420709145,0.07378911286595824,0.08005188563967502,-0.03691681472249475,0.03536753006777338,-0.11149903899735958,0.16735971908887232,0.22300165618072454,0.1150231430150171,-0.03544748987989029,-0.12072717086727613,0
2023-04-30,0.02715374030547446,0.08602759518549119,0.02664291473523317,0.09652906290681074,0.011460495163577056,0.0009159067505395413,0.030042914439707857,-0.05267397278371966,0.015693245141897405,-0.07982771308919412,0.15756825036340252,0.21185904798698765,0.10346727240379393,-0.06680966844820953,-0.10668085861322185,0
2023-05-31,0.0585086769878882,0.033582417050041835,0.02905921803457434,0.18724873365688066,0.030621306225418143,0.020222027220722527,0.0738603406472107,-0.07196968168594686,0.027887370762470054,-0.13047835867383506,0.14640992409528994,0.18028672561424888,0.0896604937962607,-0.3114657823688817,-0.10255711798686507,0
2023-06-30,0.08680365630508535,0.16785989034237425,0.19421754130126478,0.15267163443507759,-0.01882542587928271,-0.024758621744829012,-0.027016684397242807,-0.043807945722186936,0.10562908218436806,-0.1306116020272723,0.11971269300783921,0.16791967360017984,0.0851015196451526,-0.11744061774281385,-0.04440307440883928,0
2023-07-31,0.1047305357317172,0.13472810180650407,0.12931293635732444,0.19111591070354628,-0.03309790624444775,-0.05277651409733275,-0.013257559024801746,0.04753826769835956,0.13782844197616495,-0.05719226803335764,0.10673460488482076,0.16004606034169436,0.09172032697902761,0.10614512404557207,-0.013123066356386826,0
2023-08-31,0.08178264104760413,0.14507631216376282,0.15821672161776612,0.08769934176484995,-0.026157880493918984,-0.05401445579239361,-0.012615198329099075,0.11519266135185036,0.10794052154152312,0.033410020304246224,0.1059942548891303,0.16475726976753896,0.095315732542125,0.3108693300435566,-0.029161868906457555,0
2023-09-30,-0.03224168392913762,0.051763276325465624,0.21566015792329174,-0.028778762856044637,-0.04473397467338769,-0.13111771684994178,-0.03825661727025775,0.09955949766627725,0.012492290744250067,0.13180118159541487,0.10789887865047176,0.15828058171157885,0.09627320274352254,0.35094085774913225,-0.07521312844740513,3
2023-10-31,-0.0832584176987633,0.012752419343187382,0.09987707449756988,-0.08419031307056735,-0.05700343386497908,-0.1571416728497711,0.009542035514862102,-0.006888189698500247,-0.026254983833784218,0.07637022800026305,0.12296358247066178,0.16845660839117338,0.09325445982980082,0.22004619696733443,-0.09528887831496147,3
2023-11-30,0.017008653057549727,0.10018230667286243,0.13712908772662757,0.03016703852878133,-0.006795723381283203,-0.043441925110629054,0.04849458682561836,-0.027653427389306984,0.02380437643883293,-0.04466208044685671,0.12788816420930624,0.16558039246974848,0.11011456008730354,0.37616689242672846,-0.012649219959647628,0
2023-12-31,0.11639625754823713,0.08040176227269469,0.2617578836134973,0.14593407232489142,0.0640698960060675,0.12944654061209082,0.11501896513101872,-0.07359559453007025,0.05232636154216963,-0.18999185207830738,0.12088950552208945,0.1557450683272664,0.11603045353234967,0.3492799661213888,0.0,0
2024-01-31,0.15934428278599277,0.06281911223312342,0.20601071378796587,0.19138894409412077,0.08577319924541738,0.16789326195293341,0.023684071362296555,-0.04417361258901409,0.0735710835405754,-0.20351789537500686,0.10674131916034335,0.1416090108329366,0.10839596883414507,0.3067243738303468,0.0,0
2024-02-29,0.11774751498244895,0.13675889467072389,0.30167568292890756,0.13187827908510363,0.016848491478749894,0.03852753289341959,0.0029668744826159,-0.03510684481912707,0.10089902350369906,-0.15285435980157602,0.1071974638837656,0.14577174484431224,0.09995998871094885,0.1866706804475708,0.0,0
2024-03-31,0.10390108520015073,0.23239104022088597,0.29618363817686766,0.08565414055329024,-0.012930706921344903,-0.03698727594757589,0.07611028504012096,0.04219591298824388,0.11683179212149564,-0.061705172211906856,0.10800646050458926,0.15600042038648942,0.08749940322984136,0.20345686859079384,0.0,0
2024-04-30,0.04278414459901536,0.20894583622075036,0.22436282048743772,0.01962107774073707,-0.04451761584065583,-0.07846422218302396,0.1242769888469546,0.045230551885741654,0.0873017604396712,0.002446407286726293,0.12405701879833918,0.17113218248638193,0.09624438278216345,0.1569767355195114,-0.04031968868053459,0
2024-05-31,0.04119147344760132,0.16378918206697102,0.2803802668073643,0.028031853193790868,-0.006629036643252539,-0.030013819181123558,0.137288076849295,0.05820830131329302,0.04782051009085386,0.017016827865691697,0.11130771851743143,0.15393014258139817,0.0909988025231771,0.2271537459113424,0.0,0
2024-06-30,0.04379092372755777,0.15224193342491876,0.2448842154367794,0.08076744621219345,-0.001858452622918172,-0.02005926467768393,0.0451584349164289,0.011319131369028845,0.045649376350475945,-0.03247179235852893,0.10496164422398326,0.14871577730602709,0.09287662395172867,0.2966964289208085,0.0,0
2024-07-31,0.10081469396032117,0.14791210900344032,0.2200229286126889,0.11123380704633545,0.06024339046673144,0.08559146760522918,0.06928780984985927,-0.03256202362245364,0.04057130349358973,-0.1333767175827748,0.10656217341934102,0.17094835843244474,0.09374664463350035,0.3628467210252671,0.0,0
2024-08-31,0.07229942845216408,0.1164690218871296,0.26915609125451745,0.05839001183698933,0.05551093743636648,0.07740662090712869,0.07426841619937652,-0.04984963972884726,0.016788491015797602,-0.12214906818101134,0.14352930921686355,0.21471269069931315,0.1057098255361909,-0.03671113459128104,0.0,0
2024-09-30,0.05751330207072125,0.10382278642257803,0.3603413119788379,0.020132860984491963,0.057236822512190866,0.07933564627469858,0.130459065942937,-0.04132584577846998,0.00027647955853038475,-0.09883914784919123,0.15827334254016912,0.23343099980227414,0.11284050153628636,-0.1444056527695972,0.0,0
2024-10-31,0.03553722073769827,0.13993458873089093,0.37811917461022415,0.028573065144784415,-0.007335622755695992,-0.015285253487119177,0.11900238839952171,0.00044276792311026547,0.042872843493394264,-0.035094452814588006,0.14185027680481496,0.19769415555517694,0.0968923182796817,-0.18646528030027584,-0.008923538766048789,0
2024-11-30,0.07223614288922398,0.14975820318586774,0.3380761588604715,0.07177928009446521,-0.010517228118200217,-0.016481165519644292,0.06182715840225339,0.0013568218976118818,0.08275337100742419,-0.0708793209916121,0.12198343415683179,0.17445532620645807,0.08667293307521524,-0.20694297332453432,0.0,0
2024-12-31,0.024910392241839663,0.08385637322626627,0.24886476304115335,0.04914130466672573,-0.046052084355573175,-0.09728889737526258,-0.003826185654252079,0.01128921434595731,0.07096247659741284,-0.013621177895882353,0.12543712277363753,0.17116568775527224,0.08836114981318406,0.028285393193172498,-0.0240599661651395,0
2025-01-31,0.06191174796876653,0.0996491401602877,0.2623005636452156,0.08118666545063391,-0.006517535756008996,-0.04050493750245232,0.019920331194759555,0.024475866175577954,0.06842928372477552,-0.037435881793188575,0.1391059761051515,0.19263112063888713,0.09706628235922855,0.10873879504154303,0.0,0
2025-02-28,-0.010571920787350586,0.06090054732126493,0.184462596387293,-0.0014722980693450127,0.010975617024066242,-0.005602146294009569,0.0719898731194919,0.04672596325532585,-0.021547537811416828,0.05729788404267644,0.134784314144619,0.19233873489930198,0.09348873232417741,0.27793916543550157,-0.012694838334663117,0
2025-03-31,-0.042668815657124215,-0.01882132034979811,0.08304738414991197,-0.08139333488571698,0.037872157242869964,0.049379407912732765,0.19002192556801534,0.052385488008863,-0.08054097289999418,0.09505430366598722,0.16225962763164395,0.22165311382030964,0.09506806194315263,-0.004072472823577036,-0.06770680160569331,2
2025-04-30,-0.07578993950540813,-0.018570479169868426,0.11876545719585141,-0.08828611568004241,0.04240633870166666,0.03003128142830569,0.17485300078111599,-0.06372326830234376,-0.11819627820707479,0.012066671203064372,0.3301374018670467,0.3830478678955717,0.19232258248362183,0.15779123659923291,-0.07578993950540813,2
2025-05-31,-0.005077530605396063,-0.015595772141391073,0.13182683623128577,0.02305141075233963,0.001447062100969454,-0.05677561826784694,0.15318881290244346,-0.050909167815538225,-0.006524592706365517,-0.04583163721014216,0.33767827910821174,0.3878710350383614,0.19149418709395014,0.1462831698042269,-0.017707910509884517,3
2025-06-30,0.1077720812650036,0.060504758539398296,0.1494348413797093,0.1777264309349904,0.014022398136669834,-0.01983977627013167,0.05792313137830485,-0.030666683607326606,0.09374968312833376,-0.1384387648723302,0.3199677987991909,0.35896669533621633,0.18339866725807022,0.2082996482522255,0.0,0
2025-07-31,0.14319738718378905,0.056554526366389135,0.16183927645125995,0.18965364955661523,-0.0025345397270706282,-0.017645328924546066,-0.0026664831546518997,0.09139532398424088,0.14573192691085968,-0.051802063199548165,0.11809753067235544,0.13966500540946325,0.06769308420827727,0.051617229253933465,0.0,0
2025-08-31,0.09767195689408026,0.09209849393826564,0.15860788994783492,0.10003789547189323,0.0266312646074911,0.015069299903373246,0.04766139963702587,0.06369734857741127,0.07104069228658916,-0.033974608316668986,0.09610888933479521,0.12067134253975863,0.06674136624045911,-0.04370535444880087,0.0,0
2025-09-30,0.08121209518254235,0.19773657296926017,0.17519358923473627,0.08959838679211618,0.017023384869135905,0.024233930938327264,0.16612543673236146,0.03301235129250846,0.06418871031340645,-0.0481997438900339,0.08808500172436298,0.1082307768678983,0.06666781028353894,0.03441119138564287,0.0,0
2025-10-31,0.08206387712229501,0.23701259709216815,0.21404068042500324,0.11466918578310015,0.03037694144380909,0.05034995739943238,0.21507791622634453,0.019153643656147468,0.051686935678485924,-0.06291023346614755,0.10447647000189711,0.1396865999075349,0.07899877012601374,-0.1159199995660722,0.0,0
2025-11-30,0.0623745297856626,0.16613872906425664,0.1479518951605192,0.08690025632644627,0.023686556864094266,0.053076547036656097,0.21947997595206847,0.038271093041448934,0.03868797292156834,-0.02410343674421367,0.1235167333371312,0.17073010273977085,0.09007541452536034,-0.1146796480158162,0.0,0
2025-12-31,0.026651987079179262,0.1100285459732,0.17719055511914772,0.024537215029512227,0.00932260743289004,-0.010454664680782266,0.11489013474454635,0.025856608049230623,0.017329379646289222,-0.0007953790299486396,0.12674618299451376,0.180261562864267,0.0934386071605491,-0.06766679088417361,0.0,0
2026-01-31,0.017527306790757757,0.10102954266381414,0.16329774696456822,-0.01017180253950345,-9.874616611160736e-05,-0.024271260215240953,0.20870916578542742,0.10368081279937735,0.017626052956869365,0.0861535060086196,0.11483528444277152,0.16259371949003915,0.09414126428705129,0.329217900893234,0.0,0
2026-02-28,0.006770670441898163,0.06956751761270796,0.1680730751501276,-0.018050290101720545,0.014573376466409549,0.01816891867078496,0.24716405566240018,0.12509829925825233,-0.0078027060245113855,0.11832762881635417,0.10639815441817142,0.14903211871321578,0.0948759026857923,0.07533837164190288,-0.008641958340223965,0
2026-03-31,-0.04370587636659029,-0.018218737739617574,0.17591532446518476,-0.059257086716704155,-0.0013652286612871878,0.001731956092741349,0.08574098860906032,0.2947227179205467,-0.0423406477053031,0.338428594287137,0.14130789057032897,0.1813337559223982,0.12797828668107902,0.25520394086592674,-0.05759478882587643,3
2026-04-30,0.041407410724459526,0.059660477906395615,0.3108133598109186,0.07511522455568609,-0.0005799283688252554,-0.006337079301283244,-0.047848090708706104,0.2730249690124167,0.04198733909328478,0.23161755828795716,0.1514867445219551,0.1980029822879673,0.13388316365296035,0.20458637097831736,0.0,3
2026-05-31,0.10576826319716193,0.11325505569237992,0.29820983576947024,0.21727836879432627,-0.02485587650124277,-0.04527654394507896,-0.13773644420219633,0.1745019559441987,0.1306241396984047,0.06873369274703678,0.1434611318336593,0.18986203943399035,0.12797288214734917,0.5435915888001694,0.0,0
2026-06-30,0.13234970465640505,0.0828593684609471,0.20200481026616268,0.236856212953106,0.005312632161807551,0.01849354103428036,-0.13027265816121614,-0.08117444972499266,0.1270370724945975,-0.2135241543813977,0.14859780030211214,0.23631597687536177,0.1298909360984607,0.39312709374506255,-0.026527706773485926,0
